<?xml version="1.0" encoding="UTF-8" standalone="yes"?>
<addon id="repository.crazy" name="crazy repo " version="0.0.1" provider-name="cy">
	<extension point="xbmc.addon.repository" name="crazy Repository">
		<dir>
			<info compressed="false">https://raw.githubusercontent.com/noobsandnerds/modules4all/master/zips/addons.xml</info>
			<checksum>https://raw.githubusercontent.com/noobsandnerds/modules4all/master/zips/addons.xml.md5</checksum>
			<datadir zip="true">https://raw.githubusercontent.com/noobsandnerds/modules4all/master/zips/</datadir>
		</dir>
		<info compressed="false">https://raw.githubusercontent.com/xmansuperman/repository.crazymaster/zips/addons.xml</info>
		<checksum>https://raw.githubusercontent.com/xmansuperman/repository.crazy/master/zips/addons.xml.md5</checksum>
		<datadir zip="true">https://raw.githubusercontent.com/xmansuperman/repository.crazy/master/zips/</datadir>
	</extension>
	<extension point="xbmc.addon.metadata">
		<summary lang="en">crazy repo </summary>
		<description lang="en">cy repo</description>
		<genre></genre>
	</extension>
</addon>